name,team,pos,age
Welington Castillo,BAL,C,30
Chris Davis,BAL,1B,31
Jonathan Schoop,BAL,2B,25
J.J. Hardy,BAL,SS,34
Manny Machado,BAL,3B,24
Trey Mancini,BAL,LF,25
Adam Jones,BAL,CF,31
Seth Smith,BAL,RF,34
Mark Trumbo,BAL,DH,31
Joey Rickard,BAL,OF,26
Caleb Joseph,BAL,C,31
Tim Beckham,BAL,SS,27
Hyun Soo Kim,BAL,LF,29
Ruben Tejada,BAL,SS,27
Craig Gentry,BAL,OF,33
Austin Hays,BAL,OF,21
Ryan Flaherty,BAL,UT,30
Pedro Alvarez,BAL,UT,30
Anthony Santander,BAL,OF,22
Paul Janish,BAL,SS,34
Chance Sisco,BAL,C,22
Francisco Pena,BAL,C,27
Johnny Giavotella,BAL,2B,29
David Washington,BAL,UT,26
Ubaldo Jimenez,BAL,P,33
Wade Miley,BAL,P,30
Jayson Aquino,BAL,P,24
Jimmy Yacabonis,BAL,P,25
Kevin Gausman,BAL,P,26
Gabriel Ynoa,BAL,P,24
Vidal Nuno,BAL,P,29
Alec Asher,BAL,P,25
Logan Verrett,BAL,P,27
Zach Britton,BAL,P,29
Tyler Wilson,BAL,P,27
Richard Bleier,BAL,P,30
Richard Rodriguez,BAL,P,27
Tanner Scott,BAL,P,22
Edwin Jackson,BAL,P,33
Donnie Hart,BAL,P,26
Stefan Crichton,BAL,P,25
Dylan Bundy,BAL,P,24
Mychal Givens,BAL,P,27
Brad Brach,BAL,P,31
Chris Tillman,BAL,P,29
Miguel Castro,BAL,P,22
Mike Wright,BAL,P,27
Oliver Drake,BAL,P,30
Darren O'Day,BAL,P,34
Jeremy Hellickson,BAL,P,30
Tyler Flowers,ATL,C,31
Freddie Freeman,ATL,1B,27
Brandon Phillips,ATL,2B,36
Dansby Swanson,ATL,SS,23
Adonis Garcia,ATL,3B,32
Matt Kemp,ATL,LF,32
Ender Inciarte,ATL,CF,26
Nick Markakis,ATL,RF,33
Matt Adams,ATL,1B,28
Kurt Suzuki,ATL,C,33
Johan Camargo,ATL,IF,23
Ozzie Albies,ATL,2B,20
Jace Peterson,ATL,UT,27
Rio Ruiz,ATL,3B,23
Danny Santana,ATL,LF,26
Lane Adams,ATL,OF,27
Sean Rodriguez,ATL,UT,32
Emilio Bonifacio,ATL,OF,32
David Freitas,ATL,C,28
Micah Johnson,ATL,LF,26
Chase d'Arnaud,ATL,UT,30
Anthony Recker,ATL,C,33
Tony Sanchez,ATL, ,29
Julio Teheran,ATL,P,26
R.A. Dickey,ATL,P,42
Mike Foltynewicz,ATL,P,25
Sean Newcomb,ATL,P,24
Jaime Garcia,ATL,P,30
Lucas Sims,ATL,P,23
Bartolo Colon,ATL,P,44
Luiz Gohara,ATL,P,20
Max Fried,ATL,P,23
Luke Jackson,ATL,P,25
Matt Wisler,ATL,P,24
Aaron Blair,ATL,P,25
Sam Freeman,ATL,P,30
Ian Krol,ATL,P,26
Jim Johnson,ATL,P,34
Eric O'Flaherty,ATL,P,32
Josh Collmenter,ATL,P,31
Jason Motte,ATL,P,35
Rex Brothers,ATL,P,29
Chaz Roe,ATL,P,30
Jose Ramirez,ATL,P,27
Jason Hursh,ATL,P,25
Dan Winkler,ATL,P,27
A.J. Minter,ATL,P,23
Akeel Morris,ATL,P,24
Arodys Vizcaino,ATL,P,26
Omar Narvaez,CHW,C,25
Jose Abreu,CHW,1B,30
Yolmer Sanchez,CHW,2B,25
Tim Anderson,CHW,SS,24
Todd Frazier,CHW,3B,31
Melky Cabrera,CHW,LF,32
Adam Engel,CHW,CF,25
Avisail Garcia,CHW,RF,26
Matt Davidson,CHW,DH,26
Leury Garcia,CHW,OF,26
Kevan Smith,CHW,C,29
Tyler Saladino,CHW,UT,27
Yoan Moncada,CHW,2B,22
Alen Hanson,CHW,UT,24
Nick Delmonico,CHW,LF,24
Willy Garcia,CHW,OF,24
Cody Asche,CHW,DH,27
Geovany Soto,CHW,C,34
Rymer Liriano,CHW,UT,26
Jacob May,CHW,OF,25
Rob Brantly,CHW,UT,27
Carlos Rodon,CHW,P,24
Miguel Gonzalez,CHW,P,33
Jose Quintana,CHW,P,28
Dylan Covey,CHW,P,25
Derek Holland,CHW,P,30
Greg Infante,CHW,P,29
Michael Ynoa,CHW,P,25
Tyler Clippard,CHW,P,32
Tommy Kahnle,CHW,P,27
Chris Beck,CHW,P,26
Aaron Bummer,CHW,P,23
Zach Putnam,CHW,P,29
Carson Fulmer,CHW,P,23
David Holmberg,CHW,P,25
Brad Goldberg,CHW,P,27
Chris Volstad,CHW,P,30
Jake Petricka,CHW,P,29
James Shields,CHW,P,35
Dan Jennings,CHW,P,30
Al Alburquerque,CHW,P,31
Nate Jones,CHW,P,31
Anthony Swarzak,CHW,P,31
Reynaldo Lopez,CHW,P,23
Juan Minaya,CHW,P,26
Mike Pelfrey,CHW,P,33
Danny Farquhar,CHW,P,30
David Robertson,CHW,P,32
Lucas Giolito,CHW,P,22
Jace Fry,CHW,P,23
Tyler Danish,CHW,P,22
Christian Vazquez,BOS,C,26
Mitch Moreland,BOS,1B,31
Dustin Pedroia,BOS,2B,33
Xander Bogaerts,BOS,SS,24
Rafael Devers,BOS,3B,20
Andrew Benintendi,BOS,LF,22
Jackie Bradley,BOS,CF,27
Mookie Betts,BOS,RF,24
Hanley Ramirez,BOS,DH,33
Sandy Leon,BOS,C,28
Chris Young,BOS,UT,33
Deven Marrero,BOS,3B,26
Eduardo Nunez,BOS,2B,30
Brock Holt,BOS,2B,29
Josh Rutledge,BOS,IF,28
Pablo Sandoval,BOS,3B,30
Sam Travis,BOS,UT,23
Tzu-Wei Lin,BOS,UT,23
Marco Hernandez,BOS,IF,24
Rajai Davis,BOS,UT,36
Steve Selsky,BOS,UT,27
Blake Swihart,BOS,UT,25
Chase d'Arnaud,BOS,2B,30
Eduardo Rodriguez,BOS,P,24
Rick Porcello,BOS,P,28
Chris Sale,BOS,P,28
Brian Johnson,BOS,P,26
Doug Fister,BOS,P,33
Kyle Kendrick,BOS,P,32
Hector Velazquez,BOS,P,28
Drew Pomeranz,BOS,P,28
David Price,BOS,P,31
Carson Smith,BOS,P,27
Addison Reed,BOS,P,28
Austin Maddox,BOS,P,26
Steven Wright,BOS,P,32
Ben Taylor,BOS,P,24
Craig Kimbrel,BOS,P,29
Roenis Elias,BOS,P,28
Robbie Ross,BOS,P,28
Fernando Abad,BOS,P,31
Noe Ramirez,BOS,P,27
Brandon Workman,BOS,P,28
Heath Hembree,BOS,P,28
Joe Kelly,BOS,P,29
Blaine Boyer,BOS,P,35
Kyle Martin,BOS,P,26
Matt Barnes,BOS,P,27
Robby Scott,BOS,P,27
Willson Contreras,CHC,C,25
Anthony Rizzo,CHC,1B,27
Ben Zobrist,CHC,2B,36
Addison Russell,CHC,SS,23
Kris Bryant,CHC,3B,25
Kyle Schwarber,CHC,LF,24
Albert Almora,CHC,CF,23
Jason Heyward,CHC,RF,27
Javier Baez,CHC,MI,24
Jon Jay,CHC,OF,32
Ian Happ,CHC,UT,22
Tommy La Stella,CHC,IF,28
Miguel Montero,CHC,C,33
Alex Avila,CHC,C,30
Victor Caratini,CHC,UT,23
Rene Rivera,CHC,C,33
Jeimer Candelario,CHC,CI,23
Mike Freeman,CHC,MI,29
Matt Szczur,CHC,OF,27
Mark Zagunis,CHC,RF,24
Leonys Martin,CHC,OF,29
Taylor Davis,CHC,UT,27
Jon Lester,CHC,P,33
Jake Arrieta,CHC,P,31
John Lackey,CHC,P,38
Kyle Hendricks,CHC,P,27
Mike Montgomery,CHC,P,27
Jose Quintana,CHC,P,28
Eddie Butler,CHC,P,26
Brett Anderson,CHC,P,29
Felix Pena,CHC,P,27
Dylan Floro,CHC,P,26
Brian Duensing,CHC,P,34
Justin Grimm,CHC,P,28
Rob Zastryzny,CHC,P,25
Hector Rondon,CHC,P,29
Jen-Ho Tseng,CHC,P,22
Carl Edwards,CHC,P,25
Pedro Strop,CHC,P,32
Koji Uehara,CHC,P,42
Pierce Johnson,CHC,P,26
Zac Rosscup,CHC,P,29
Jack Leathersich,CHC,P,26
Justin Wilson,CHC,P,29
Dillon Maples,CHC,P,25
Wade Davis,CHC,P,31
Seth Frankoff,CHC,P,28
Yan Gomes,CLE,C,29
Carlos Santana,CLE,1B,31
Jason Kipnis,CLE,2B,30
Francisco Lindor,CLE,SS,23
Jose Ramirez,CLE,3B,24
Michael Brantley,CLE,LF,30
Bradley Zimmer,CLE,CF,24
Jay Bruce,CLE,RF,30
Edwin Encarnacion,CLE,DH,34
Austin Jackson,CLE,OF,30
Lonnie Chisenhall,CLE,OF,28
Roberto Perez,CLE,C,28
Abraham Almonte,CLE,RF,28
Brandon Guyer,CLE,OF,31
Yandy Diaz,CLE,3B,25
Gio Urshela,CLE,3B,25
Erik Gonzalez,CLE,2B,25
Daniel Robertson,CLE,OF,31
Tyler Naquin,CLE,OF,26
Greg Allen,CLE,OF,24
Francisco Mejia,CLE,UT,21
Michael Martinez,CLE,UT,34
Josh Tomlin,CLE,P,32
Carlos Carrasco,CLE,P,30
Mike Clevinger,CLE,P,26
Trevor Bauer,CLE,P,26
Corey Kluber,CLE,P,31
Andrew Miller,CLE,P,32
Craig Breslow,CLE,P,36
Boone Logan,CLE,P,32
Kyle Crockett,CLE,P,25
Ryan Merritt,CLE,P,25
Cody Allen,CLE,P,28
Tyler Olson,CLE,P,27
Nick Goody,CLE,P,25
Joe Smith,CLE,P,33
Zach McAllister,CLE,P,29
Bryan Shaw,CLE,P,29
Dan Otero,CLE,P,32
Shawn Armstrong,CLE,P,26
Danny Salazar,CLE,P,27
Tucker Barnhart,CIN,C,26
Joey Votto,CIN,1B,33
Scooter Gennett,CIN,2B,27
Zack Cozart,CIN,SS,31
Eugenio Suarez,CIN,3B,25
Adam Duvall,CIN,LF,28
Billy Hamilton,CIN,CF,26
Scott Schebler,CIN,RF,26
Jose Peraza,CIN,MI,23
Patrick Kivlehan,CIN,OF,27
Devin Mesoraco,CIN,C,29
Jesse Winker,CIN,RF,23
Arismendy Alcantara,CIN,UT,25
Stuart Turner,CIN,C,25
Phil Ervin,CIN,OF,24
Zach Vincej,CIN,MI,26
Chad Wallach,CIN,C,25
Scott Feldman,CIN,P,34
Homer Bailey,CIN,P,31
Luis Castillo,CIN,P,24
Tim Adleman,CIN,P,29
Sal Romano,CIN,P,23
Bronson Arroyo,CIN,P,40
Robert Stephenson,CIN,P,24
Amir Garrett,CIN,P,25
Asher Wojciechowski,CIN,P,28
Michael Lorenzen,CIN,P,25
Lisalverto Bonilla,CIN,P,27
Rookie Davis,CIN,P,24
Tyler Mahle,CIN,P,22
Brandon Finnegan,CIN,P,24
Jackson Stephens,CIN,P,23
Austin Brice,CIN,P,25
Kevin Shackelford,CIN,P,28
Jake Buchanan,CIN,P,27
Deck McGuire,CIN,P,28
Ariel Hernandez,CIN,P,25
Cody Reed,CIN,P,24
Drew Storen,CIN,P,29
Barrett Astin,CIN,P,25
Raisel Iglesias,CIN,P,27
Blake Wood,CIN,P,31
Wandy Peralta,CIN,P,25
Luke Farrell,CIN,P,26
Alejandro Chacin,CIN,P,24
Tony Cingrani,CIN,P,27
Keury Mella,CIN,P,23
Chris Iannetta,ARI,C,34
Paul Goldschmidt,ARI,1B,29
Brandon Drury,ARI,2B,24
Ketel Marte,ARI,SS,23
Jake Lamb,ARI,3B,26
Yasmany Tomas,ARI,LF,26
A.J. Pollock,ARI,CF,29
David Peralta,ARI,RF,29
Daniel Descalso,ARI,UT,30
Chris Owings,ARI,UT,25
J.D. Martinez,ARI,RF,29
Gregor Blanco,ARI,OF,33
Chris Herrmann,ARI,UT,29
Jeff Mathis,ARI,C,34
Nick Ahmed,ARI,SS,27
Rey Fuentes,ARI,CF,26
Adam Rosales,ARI,IF,34
Jeremy Hazelbaker,ARI,OF,29
Kristopher Negron,ARI,UT,31
Christian Walker,ARI,UT,26
Ildemaro Vargas,ARI,IF,25
John Ryan Murphy,ARI,C,26
Jack Reinheimer,ARI,SS,24
Patrick Corbin,ARI,P,27
Zack Greinke,ARI,P,33
Robbie Ray,ARI,P,25
Taijuan Walker,ARI,P,24
Zack Godley,ARI,P,27
Shelby Miller,ARI,P,26
Randall Delgado,ARI,P,27
Braden Shipley,ARI,P,25
Anthony Banda,ARI,P,23
T.J. McFarland,ARI,P,28
Archie Bradley,ARI,P,24
Jorge De La Rosa,ARI,P,36
Tom Wilhelmsen,ARI,P,33
J.J. Hoover,ARI,P,29
Andrew Chafin,ARI,P,27
Fernando Rodney,ARI,P,40
David Hernandez,ARI,P,32
Jake Barrett,ARI,P,25
Rubby De La Rosa,ARI,P,28
Silvino Bracho,ARI,P,24
Matt Koch,ARI,P,26
Jimmie Sherfy,ARI,P,25
James McCann,DET,C,27
Miguel Cabrera,DET,1B,34
Ian Kinsler,DET,2B,35
Jose Iglesias,DET,SS,27
Nicholas Castellanos,DET,3B,25
Justin Upton,DET,LF,29
Mikie Mahtook,DET,CF,27
J.D. Martinez,DET,RF,29
Victor Martinez,DET,DH,38
Andrew Romine,DET,UT,31
Alex Presley,DET,OF,31
Alex Avila,DET,C,30
John Hicks,DET,UT,27
Dixon Machado,DET,SS,25
Tyler Collins,DET,OF,27
JaCoby Jones,DET,CF,25
Jeimer Candelario,DET,3B,23
Jim Adduci,DET,RF,32
Efren Navarro,DET,1B,31
Bryan Holaday,DET,UT,29
Matt den Dekker,DET,OF,29
Justin Verlander,DET,P,34
Jordan Zimmermann,DET,P,31
Michael Fulmer,DET,P,24
Matthew Boyd,DET,P,26
Anibal Sanchez,DET,P,33
Daniel Stumpf,DET,P,26
Chad Bell,DET,P,28
Artie Lewicki,DET,P,25
Buck Farmer,DET,P,26
Edward Mujica,DET,P,33
Arcenio Leon,DET,P,30
Bruce Rondon,DET,P,26
Francisco Rodriguez,DET,P,35
Joe Jimenez,DET,P,22
Jairo Labourt,DET,P,23
Kyle Ryan,DET,P,25
Myles Jaye,DET,P,25
Drew VerHagen,DET,P,26
Victor Alcantara,DET,P,24
Alex Wilson,DET,P,30
William Cuevas,DET,P,26
Blaine Hardy,DET,P,30
Jeff Ferrell,DET,P,26
Warwick Saupold,DET,P,27
Justin Wilson,DET,P,29
Shane Greene,DET,P,28
Zac Reininger,DET,P,24
Daniel Norris,DET,P,24
Tony Wolters,COL,C,25
Mark Reynolds,COL,1B,33
DJ LeMahieu,COL,2B,28
Trevor Story,COL,SS,24
Nolan Arenado,COL,3B,26
Gerardo Parra,COL,LF,30
Charlie Blackmon,COL,CF,30
Carlos Gonzalez,COL,RF,31
Ian Desmond,COL,UT,31
Pat Valaika,COL,IF,24
Alexi Amarista,COL,UT,28
Jonathan Lucroy,COL,C,31
Raimel Tapia,COL,OF,23
Ryan Hanigan,COL,C,36
Dustin Garneau,COL,C,29
Stephen Cardullo,COL,OF,29
Mike Tauchman,COL,OF,26
Tom Murphy,COL,C,26
Ryan McMahon,COL,IF,22
Cristhian Adames,COL,IF,25
Kyle Freeland,COL,P,24
German Marquez,COL,P,22
Tyler Chatwood,COL,P,27
Jon Gray,COL,P,25
Antonio Senzatela,COL,P,22
Jeff Hoffman,COL,P,24
Tyler Anderson,COL,P,27
Chad Bettis,COL,P,28
Chris Rusin,COL,P,30
Jordan Lyles,COL,P,26
Pat Neshek,COL,P,36
Greg Holland,COL,P,31
Jake McGee,COL,P,30
Scott Oberg,COL,P,27
Carlos Estevez,COL,P,24
Shane Carle,COL,P,25
Chad Qualls,COL,P,38
Mike Dunn,COL,P,32
Zac Rosscup,COL,P,29
Jairo Diaz,COL,P,26
Adam Ottavino,COL,P,31
Brian McCann,HOU,C,33
Yuli Gurriel,HOU,1B,33
Jose Altuve,HOU,2B,27
Carlos Correa,HOU,SS,22
Alex Bregman,HOU,3B,23
Norichika Aoki,HOU,LF,35
George Springer,HOU,CF,27
Josh Reddick,HOU,RF,30
Carlos Beltran,HOU,DH,40
Marwin Gonzalez,HOU,UT,28
Evan Gattis,HOU,UT,30
Jake Marisnick,HOU,CF,26
Derek Fisher,HOU,LF,23
J.D. Davis,HOU,3B,24
Tyler White,HOU,1B,26
Cameron Maybin,HOU,OF,30
Juan Centeno,HOU,C,27
Tony Kemp,HOU,UT,25
Max Stassi,HOU,UT,26
Colin Moran,HOU,IF,24
AJ Reed,HOU,UT,24
Teoscar Hernandez,HOU,RF,24
Brad Peacock,HOU,P,29
Joe Musgrove,HOU,P,24
Dallas Keuchel,HOU,P,29
Lance McCullers,HOU,P,23
Charlie Morton,HOU,P,33
Collin McHugh,HOU,P,30
Mike Fiers,HOU,P,32
Chris Devenski,HOU,P,26
Tony Sipp,HOU,P,33
James Hoyt,HOU,P,30
Michael Feliz,HOU,P,24
Justin Verlander,HOU,P,34
Reymin Guduan,HOU,P,25
Ken Giles,HOU,P,26
Tyler Clippard,HOU,P,32
Jordan Jankowski,HOU,P,28
Ashur Tolliver,HOU,P,29
Will Harris,HOU,P,32
Jandel Gustave,HOU,P,24
Francisco Liriano,HOU,P,33
Luke Gregerson,HOU,P,33
Francis Martes,HOU,P,21
David Paulino,HOU,P,23
Dayan Diaz,HOU,P,28
Salvador Perez,KCR,C,27
Eric Hosmer,KCR,1B,27
Whit Merrifield,KCR,2B,28
Alcides Escobar,KCR,SS,30
Mike Moustakas,KCR,3B,28
Alex Gordon,KCR,LF,33
Lorenzo Cain,KCR,CF,31
Jorge Bonifacio,KCR,RF,24
Brandon Moss,KCR,DH,33
Melky Cabrera,KCR,RF,32
Drew Butera,KCR,C,33
Cheslor Cuthbert,KCR,3B,24
Jorge Soler,KCR,UT,25
Paulo Orlando,KCR,OF,31
Ramon Torres,KCR,IF,24
Adalberto Mondesi,KCR,2B,21
Cam Gallagher,KCR,C,24
Christian Colon,KCR,2B,28
Billy Burns,KCR,OF,27
Terrance Gore,KCR,UT,26
Jason Hammel,KCR,P,34
Ian Kennedy,KCR,P,32
Jason Vargas,KCR,P,34
Scott Alexander,KCR,P,27
Jakob Junis,KCR,P,24
Danny Duffy,KCR,P,28
Travis Wood,KCR,P,30
Trevor Cahill,KCR,P,29
Sam Gaviglio,KCR,P,27
Brandon Maurer,KCR,P,26
Onelki Garcia,KCR,P,27
Mike Minor,KCR,P,29
Miguel Almonte,KCR,P,24
Joakim Soria,KCR,P,33
Andres Machado,KCR,P,24
Luke Farrell,KCR,P,26
Seth Maness,KCR,P,28
Ryan Buchter,KCR,P,30
Matt Strahm,KCR,P,25
Neftali Feliz,KCR,P,29
Brian Flynn,KCR,P,27
Mike Morin,KCR,P,26
Kelvin Herrera,KCR,P,27
Al Alburquerque,KCR,P,31
Nate Karns,KCR,P,29
Peter Moylan,KCR,P,38
Kevin McCarthy,KCR,P,25
Eric Skoglund,KCR,P,24
Chris Young,KCR,P,38
Martin Maldonado,LAA,C,30
C.J. Cron,LAA,1B,27
Danny Espinosa,LAA,2B,30
Andrelton Simmons,LAA,SS,27
Yunel Escobar,LAA,3B,34
Ben Revere,LAA,LF,29
Mike Trout,LAA,CF,25
Kole Calhoun,LAA,RF,29
Albert Pujols,LAA,DH,37
Luis Valbuena,LAA,CI,31
Cameron Maybin,LAA,OF,30
Cliff Pennington,LAA,2B,33
Jefry Marte,LAA,1B,26
Eric Young,LAA,OF,32
Kaleb Cowart,LAA,2B,25
Justin Upton,LAA,LF,29
Brandon Phillips,LAA,2B,36
Juan Graterol,LAA,C,28
Shane Robinson,LAA,UT,32
Nick Franklin,LAA,2B,26
Nolan Fontana,LAA,UT,26
Carlos Perez,LAA,UT,26
Ramon Flores,LAA,RF,25
Cesar Puello,LAA,LF,26
Ricky Nolasco,LAA,P,34
Jesse Chavez,LAA,P,33
J.C. Ramirez,LAA,P,28
Alex Meyer,LAA,P,27
Matt Shoemaker,LAA,P,30
Tyler Skaggs,LAA,P,25
Deolis Guerra,LAA,P,28
Keynan Middleton,LAA,P,23
Parker Bridwell,LAA,P,25
Eduardo Paredes,LAA,P,22
Yusmeiro Petit,LAA,P,32
Andrew Bailey,LAA,P,33
Brooks Pounders,LAA,P,26
David Hernandez,LAA,P,32
Andrew Heaney,LAA,P,26
Noe Ramirez,LAA,P,27
Damien Magnifico,LAA,P,26
Daniel Wright,LAA,P,26
Huston Street,LAA,P,33
Fernando Salas,LAA,P,32
Kirby Yates,LAA,P,30
Troy Scribner,LAA,P,25
Mike Morin,LAA,P,26
Jason Gurka,LAA,P,29
Bud Norris,LAA,P,32
Blake Wood,LAA,P,31
Jose Alvarez,LAA,P,28
Cam Bedrosian,LAA,P,25
Jose Valdez,LAA,P,27
Blake Parker,LAA,P,32
Garrett Richards,LAA,P,29
Yasmani Grandal,LAD,C,28
Cody Bellinger,LAD,1B,21
Logan Forsythe,LAD,2B,30
Corey Seager,LAD,SS,23
Justin Turner,LAD,3B,32
Chris Taylor,LAD,LF,26
Joc Pederson,LAD,CF,25
Yasiel Puig,LAD,RF,26
Chase Utley,LAD,2B,38
Enrique Hernandez,LAD,UT,25
Austin Barnes,LAD,C,27
Adrian Gonzalez,LAD,1B,35
Curtis Granderson,LAD,LF,36
Andrew Toles,LAD,OF,25
Franklin Gutierrez,LAD,LF,34
Trayce Thompson,LAD,OF,26
Scott Van Slyke,LAD,UT,30
Andre Ethier,LAD,LF,35
Brett Eibner,LAD,OF,28
Alex Verdugo,LAD,OF,21
Kyle Farmer,LAD,UT,26
Rob Segedin,LAD,CI,28
Charlie Culberson,LAD,MI,28
O'Koyea Dickson,LAD,LF,27
Mike Freeman,LAD,3B,29
Tim Locastro,LAD,LF,24
Clayton Kershaw,LAD,P,29
Alex Wood,LAD,P,26
Rich Hill,LAD,P,37
Kenta Maeda,LAD,P,29
Hyun-Jin Ryu,LAD,P,30
Brandon McCarthy,LAD,P,33
Yu Darvish,LAD,P,30
Ross Stripling,LAD,P,27
Julio Urias,LAD,P,20
Brock Stewart,LAD,P,25
Kenley Jansen,LAD,P,29
Luis Avilan,LAD,P,27
Pedro Baez,LAD,P,29
Josh Ravin,LAD,P,29
Tony Watson,LAD,P,32
Josh Fields,LAD,P,31
Brandon Morrow,LAD,P,32
Edward Paredes,LAD,P,30
Walker Buehler,LAD,P,22
Adam Liberatore,LAD,P,30
Wilmer Font,LAD,P,27
Sergio Romo,LAD,P,34
Tony Cingrani,LAD,P,27
Grant Dayton,LAD,P,29
Chris Hatcher,LAD,P,32
Fabio Castillo,LAD,P,28
J.T. Realmuto,MIA,C,26
Justin Bour,MIA,1B,29
Dee Gordon,MIA,2B,29
Miguel Rojas,MIA,SS,28
Derek Dietrich,MIA,3B,27
Marcell Ozuna,MIA,LF,26
Christian Yelich,MIA,CF,25
Giancarlo Stanton,MIA,RF,27
JT Riddle,MIA,SS,25
Ichiro Suzuki,MIA,OF,43
Tyler Moore,MIA,1B,30
A.J. Ellis,MIA,C,36
Martin Prado,MIA,3B,33
Tomas Telis,MIA,1B,26
Mike Aviles,MIA,IF,36
Brian Anderson,MIA,3B,24
Adeiny Hechavarria,MIA,SS,28
Christian Colon,MIA,IF,28
Steve Lombardozzi,MIA,2B,28
Dan Straily,MIA,P,28
Jose Urena,MIA,P,25
Adam Conley,MIA,P,27
Edinson Volquez,MIA,P,33
Vance Worley,MIA,P,29
Tom Koehler,MIA,P,31
Odrisamer Despaigne,MIA,P,30
Justin Nicolino,MIA,P,25
Jeff Locke,MIA,P,29
Dillon Peters,MIA,P,24
Chris O'Grady,MIA,P,27
Wei-Yin Chen,MIA,P,31
Dustin McGowan,MIA,P,35
Nick Wittgren,MIA,P,26
Javy Guerra,MIA,P,31
Junichi Tazawa,MIA,P,31
Kyle Barraclough,MIA,P,27
David Phelps,MIA,P,30
Brian Ellington,MIA,P,26
AJ Ramos,MIA,P,30
Hunter Cervenka,MIA,P,27
Jarlin Garcia,MIA,P,24
Drew Steckenrider,MIA,P,26
Brad Ziegler,MIA,P,37
Manny Pina,MIL,C,30
Eric Thames,MIL,1B,30
Jonathan Villar,MIL,2B,26
Orlando Arcia,MIL,SS,22
Travis Shaw,MIL,3B,27
Ryan Braun,MIL,LF,33
Keon Broxton,MIL,CF,27
Domingo Santana,MIL,RF,24
Hernan Perez,MIL,UT,26
Jesus Aguilar,MIL,1B,27
Eric Sogard,MIL,MI,31
Jett Bandy,MIL,C,27
Neil Walker,MIL,2B,31
Stephen Vogt,MIL,C,32
Brett Phillips,MIL,CF,23
Nick Franklin,MIL,UT,26
Lewis Brinson,MIL,OF,23
Kirk Nieuwenhuis,MIL,OF,29
Andrew Susac,MIL,C,27
Quintin Berry,MIL,OF,32
Yadiel Rivera,MIL,3B,25
Zach Davies,MIL,P,24
Jimmy Nelson,MIL,P,28
Chase Anderson,MIL,P,29
Matt Garza,MIL,P,33
Junior Guerra,MIL,P,32
Brent Suter,MIL,P,27
Wily Peralta,MIL,P,28
Brandon Woodruff,MIL,P,24
Paolo Espino,MIL,P,30
Tommy Milone,MIL,P,30
Josh Hader,MIL,P,23
Aaron Wilkerson,MIL,P,28
Jhan Marinez,MIL,P,28
Jeremy Jeffress,MIL,P,29
Michael Blazek,MIL,P,28
Rob Scahill,MIL,P,30
Jacob Barnes,MIL,P,27
Corey Knebel,MIL,P,25
Tyler Webb,MIL,P,26
Taylor Williams,MIL,P,25
David Goforth,MIL,P,28
Neftali Feliz,MIL,P,29
Wei-Chung Wang,MIL,P,25
Jorge Lopez,MIL,P,24
Carlos Torres,MIL,P,34
Jared Hughes,MIL,P,31
Anthony Swarzak,MIL,P,31
Oliver Drake,MIL,P,30
Taylor Jungmann,MIL,P,27
Jason Castro,MIN,C,30
Joe Mauer,MIN,1B,34
Brian Dozier,MIN,2B,30
Jorge Polanco,MIN,SS,23
Miguel Sano,MIN,3B,24
Eddie Rosario,MIN,LF,25
Byron Buxton,MIN,CF,23
Max Kepler,MIN,RF,24
Robbie Grossman,MIN,DH,27
Eduardo Escobar,MIN,UT,28
Kennys Vargas,MIN,UT,26
Chris Gimenez,MIN,C,34
Ehire Adrianza,MIN,SS,27
Zack Granite,MIN,CF,24
Mitch Garver,MIN,UT,26
Danny Santana,MIN,UT,26
Niko Goodrum,MIN,UT,25
Ervin Santana,MIN,P,34
Jose Berrios,MIN,P,23
Bartolo Colon,MIN,P,44
Nik Turley,MIN,P,27
Dietrich Enns,MIN,P,26
Matt Belisle,MIN,P,37
Craig Breslow,MIN,P,36
Alan Busenitz,MIN,P,26
Adam Wilk,MIN,P,29
Tyler Duffey,MIN,P,26
Chris Heston,MIN,P,29
Kyle Gibson,MIN,P,29
Alex Wimmers,MIN,P,28
Tim Melville,MIN,P,27
Buddy Boshers,MIN,P,29
Felix Jorge,MIN,P,23
Phil Hughes,MIN,P,31
Randy Rosario,MIN,P,23
Jaime Garcia,MIN,P,30
Michael Tonkin,MIN,P,27
John Curtiss,MIN,P,24
Glen Perkins,MIN,P,34
Ryan Pressly,MIN,P,28
Nick Tepesch,MIN,P,28
Hector Santiago,MIN,P,29
Drew Rucinski,MIN,P,28
Trevor Hildenberger,MIN,P,26
Dillon Gee,MIN,P,31
Aaron Slegers,MIN,P,24
Justin Haley,MIN,P,26
Jason Wheeler,MIN,P,26
Brandon Kintzler,MIN,P,32
Gabriel Moya,MIN,P,22
Adalberto Mejia,MIN,P,24
Taylor Rogers,MIN,P,26
Travis d'Arnaud,NYM,C,28
Lucas Duda,NYM,1B,31
Neil Walker,NYM,2B,31
Jose Reyes,NYM,SS,34
Wilmer Flores,NYM,3B,25
Yoenis Cespedes,NYM,LF,31
Juan Lagares,NYM,CF,28
Jay Bruce,NYM,RF,30
Asdrubal Cabrera,NYM,IF,31
Michael Conforto,NYM,OF,24
Curtis Granderson,NYM,OF,36
T.J. Rivera,NYM,CI,28
Brandon Nimmo,NYM,LF,24
Rene Rivera,NYM,C,33
Dominic Smith,NYM,1B,22
Amed Rosario,NYM,SS,21
Matt Reynolds,NYM,UT,26
Kevin Plawecki,NYM,C,26
Norichika Aoki,NYM,RF,35
Gavin Cecchini,NYM,2B,23
Travis Taijeron,NYM,RF,28
Phillip Evans,NYM,IF,24
Tomas Nido,NYM,C,23
Ty Kelly,NYM, ,28
Jacob deGrom,NYM,P,29
Robert Gsellman,NYM,P,23
Matt Harvey,NYM,P,28
Seth Lugo,NYM,P,27
Zack Wheeler,NYM,P,27
Rafael Montero,NYM,P,26
Steven Matz,NYM,P,26
Chris Flexen,NYM,P,22
Noah Syndergaard,NYM,P,24
Tommy Milone,NYM,P,30
Tyler Pill,NYM,P,27
Josh Smoker,NYM,P,28
Paul Sewald,NYM,P,27
Fernando Salas,NYM,P,32
Adam Wilk,NYM,P,29
Neil Ramirez,NYM,P,28
Jeurys Familia,NYM,P,27
Hansel Robles,NYM,P,26
Chasen Bradford,NYM,P,27
Sean Gilmartin,NYM,P,27
Addison Reed,NYM,P,28
Jacob Rhame,NYM,P,24
Josh Edgin,NYM,P,30
AJ Ramos,NYM,P,30
Kevin McGowan,NYM,P,25
Jerry Blevins,NYM,P,33
Erik Goeddel,NYM,P,28
Jamie Callahan,NYM,P,22
Gary Sanchez,NYY,C,24
Chris Carter,NYY,1B,30
Starlin Castro,NYY,2B,27
Didi Gregorius,NYY,SS,27
Chase Headley,NYY,3B,33
Brett Gardner,NYY,LF,33
Jacoby Ellsbury,NYY,CF,33
Aaron Judge,NYY,RF,25
Matt Holliday,NYY,DH,37
Aaron Hicks,NYY,OF,27
Ronald Torreyes,NYY,IF,24
Austin Romine,NYY,C,28
Todd Frazier,NYY,3B,31
Greg Bird,NYY,1B,24
Clint Frazier,NYY,LF,22
Tyler Wade,NYY,UT,22
Tyler Austin,NYY,UT,25
Garrett Cooper,NYY,1B,26
Rob Refsnyder,NYY,UT,26
Kyle Higashioka,NYY,UT,27
Ji-Man Choi,NYY,1B,26
Mason Williams,NYY,OF,25
Pete Kozma,NYY,SS,29
Miguel Andujar,NYY,UT,22
Erik Kratz,NYY,UT,37
Dustin Fowler,NYY,RF,22
Jordan Montgomery,NYY,P,24
Luis Severino,NYY,P,23
CC Sabathia,NYY,P,36
Michael Pineda,NYY,P,28
Masahiro Tanaka,NYY,P,28
Jaime Garcia,NYY,P,30
Chasen Shreve,NYY,P,26
Bryan Mitchell,NYY,P,26
Tommy Layne,NYY,P,32
Ronald Herrera,NYY,P,22
Tyler Clippard,NYY,P,32
Luis Cessa,NYY,P,25
Dellin Betances,NYY,P,29
Tommy Kahnle,NYY,P,27
Aroldis Chapman,NYY,P,29
Tyler Webb,NYY,P,26
Ben Heller,NYY,P,25
Jonathan Holder,NYY,P,24
Sonny Gray,NYY,P,27
Domingo German,NYY,P,24
Giovanny Gallegos,NYY,P,25
Caleb Smith,NYY,P,25
Chad Green,NYY,P,26
David Robertson,NYY,P,32
Adam Warren,NYY,P,29
Bruce Maxwell,OAK,C,26
Yonder Alonso,OAK,1B,30
Jed Lowrie,OAK,2B,33
Marcus Semien,OAK,SS,26
Matt Chapman,OAK,3B,24
Khris Davis,OAK,LF,29
Rajai Davis,OAK,CF,36
Matthew Joyce,OAK,RF,32
Ryon Healy,OAK,DH,25
Chad Pinder,OAK,UT,25
Adam Rosales,OAK,SS,34
Matt Olson,OAK,1B,23
Trevor Plouffe,OAK,3B,31
Mark Canha,OAK,OF,28
Stephen Vogt,OAK,C,32
Jaycob Brugman,OAK,CF,25
Josh Phegley,OAK,C,29
Boog Powell,OAK,CF,24
Franklin Barreto,OAK,UT,21
Jaff Decker,OAK,OF,27
Dustin Garneau,OAK,C,29
Jake Smolinski,OAK,UT,28
Renato Nunez,OAK,UT,23
Joey Wendle,OAK,2B,27
Ryan Lavarnway,OAK,C,29
Ryan LaMarre,OAK,CF,28
Daniel Gossett,OAK,P,24
Sean Manaea,OAK,P,25
Daniel Mengden,OAK,P,24
Paul Blackburn,OAK,P,23
Jharel Cotton,OAK,P,25
Kendall Graveman,OAK,P,26
Chris Smith,OAK,P,36
John Axford,OAK,P,34
Danny Coulombe,OAK,P,27
Sean Doolittle,OAK,P,30
Simon Castro,OAK,P,29
Zach Neal,OAK,P,28
Santiago Casilla,OAK,P,36
Cesar Valdez,OAK,P,32
Blake Treinen,OAK,P,29
Ryan Madson,OAK,P,36
Ryan Dull,OAK,P,27
Bobby Wahl,OAK,P,25
Andrew Triggs,OAK,P,28
Frankie Montas,OAK,P,24
Liam Hendriks,OAK,P,28
Jesse Hahn,OAK,P,27
Josh Smith,OAK,P,29
Chris Hatcher,OAK,P,32
Sonny Gray,OAK,P,27
Sam Moll,OAK,P,25
Raul Alcantara,OAK,P,24
Michael Brady,OAK,P,30
Cameron Rupp,PHI,C,28
Tommy Joseph,PHI,1B,25
Cesar Hernandez,PHI,2B,27
Freddy Galvis,PHI,SS,27
Maikel Franco,PHI,3B,24
Aaron Altherr,PHI,LF,26
Odubel Herrera,PHI,CF,25
Nick Williams,PHI,RF,23
Daniel Nava,PHI,LF,34
Michael Saunders,PHI,RF,30
Rhys Hoskins,PHI,UT,24
Andrew Knapp,PHI,C,25
Howie Kendrick,PHI,LF,33
Andres Blanco,PHI,IF,33
Jorge Alfaro,PHI,C,24
Ty Kelly,PHI,UT,28
Cameron Perkins,PHI,OF,26
Hyun Soo Kim,PHI,UT,29
Brock Stassi,PHI,1B,27
J.P. Crawford,PHI,IF,22
Pedro Florimon,PHI,UT,30
Aaron Nola,PHI,P,24
Nick Pivetta,PHI,P,24
Jeremy Hellickson,PHI,P,30
Jerad Eickhoff,PHI,P,26
Ben Lively,PHI,P,25
Mark Leiter,PHI,P,26
Vince Velasquez,PHI,P,25
Zach Eflin,PHI,P,23
Jake Thompson,PHI,P,23
Henderson Alvarez,PHI,P,27
Adam Morgan,PHI,P,27
Clay Buchholz,PHI,P,32
Hoby Milner,PHI,P,26
Jesen Therrien,PHI,P,24
Ricardo Pinto,PHI,P,23
Edubray Ramos,PHI,P,24
Yacksel Rios,PHI,P,24
Pat Neshek,PHI,P,36
Jeanmar Gomez,PHI,P,29
Luis Garcia,PHI,P,30
Hector Neris,PHI,P,28
Victor Arano,PHI,P,22
Pedro Beato,PHI,P,30
Zac Curtis,PHI,P,24
Drew Anderson,PHI,P,23
Joely Rodriguez,PHI,P,25
Kevin Siegrist,PHI,P,27
Joaquin Benoit,PHI,P,39
Casey Fien,PHI,P,33
Juan Nicasio,PHI,P,30
Francisco Cervelli,PIT,C,31
Josh Bell,PIT,1B,24
Josh Harrison,PIT,2B,29
Jordy Mercer,PIT,SS,30
David Freese,PIT,3B,34
Starling Marte,PIT,LF,28
Andrew McCutchen,PIT,CF,30
Gregory Polanco,PIT,RF,25
Adam Frazier,PIT,UT,25
John Jaso,PIT,RF,33
Jose Osuna,PIT,UT,24
Elias Diaz,PIT,C,26
Chris Stewart,PIT,C,35
Max Moroff,PIT,MI,24
Sean Rodriguez,PIT,UT,32
Jordan Luplow,PIT,OF,23
Gift Ngoepe,PIT,MI,27
Alen Hanson,PIT,MI,24
Philip Gosselin,PIT,IF,28
Christopher Bostick,PIT,UT,24
Jacob Stallings,PIT,C,27
Danny Ortiz,PIT,OF,27
John Bormann,PIT, ,24
Gerrit Cole,PIT,P,26
Ivan Nova,PIT,P,30
Chad Kuhl,PIT,P,24
Trevor Williams,PIT,P,25
Jameson Taillon,PIT,P,25
Tyler Glasnow,PIT,P,23
Steven Brault,PIT,P,25
Wade LeBlanc,PIT,P,32
Jhan Marinez,PIT,P,28
A.J. Schugel,PIT,P,28
Josh Lindblom,PIT,P,30
Johnny Barbato,PIT,P,24
Tony Watson,PIT,P,32
Antonio Bastardo,PIT,P,31
Angel Sanchez,PIT,P,27
Felipe Vazquez,PIT,P,25
Dovydas Neverauskas,PIT,P,24
Jack Leathersich,PIT,P,26
Daniel Hudson,PIT,P,30
George Kontos,PIT,P,32
Dan Runzler,PIT,P,32
Joaquin Benoit,PIT,P,39
Edgar Santana,PIT,P,25
Juan Nicasio,PIT,P,30
Austin Hedges,SDP,C,24
Wil Myers,SDP,1B,26
Carlos Asuaje,SDP,2B,25
Erick Aybar,SDP,SS,33
Cory Spangenberg,SDP,3B,26
Jose Pirela,SDP,LF,27
Manuel Margot,SDP,CF,22
Hunter Renfroe,SDP,RF,25
Yangervis Solarte,SDP,IF,29
Allen Cordoba,SDP,UT,21
Matt Szczur,SDP,OF,27
Ryan Schimpf,SDP,3B,29
Jabari Blash,SDP,RF,27
Hector Sanchez,SDP,C,27
Luis Torrens,SDP,C,21
Franchy Cordero,SDP,CF,22
Travis Jankowski,SDP,LF,26
Dusty Coleman,SDP,SS,30
Luis Sardinas,SDP,IF,24
Chase d'Arnaud,SDP,IF,30
Christian Villanueva,SDP,3B,26
Rocky Gale,SDP,C,29
Clayton Richard,SDP,P,33
Jhoulys Chacin,SDP,P,29
Luis Perdomo,SDP,P,24
Dinelson Lamet,SDP,P,24
Travis Wood,SDP,P,30
Trevor Cahill,SDP,P,29
Jered Weaver,SDP,P,34
Jordan Lyles,SDP,P,26
Craig Stammen,SDP,P,33
Christian Bethancourt,SDP,P,25
Jarred Cosart,SDP,P,27
Miguel Diaz,SDP,P,22
Zach Lee,SDP,P,25
Brad Hand,SDP,P,27
Kyle Lloyd,SDP,P,26
Kevin Quackenbush,SDP,P,28
Dillon Overton,SDP,P,25
Jose Torres,SDP,P,23
Kyle McGrath,SDP,P,24
Brandon Maurer,SDP,P,26
Tim Melville,SDP,P,27
Buddy Baumann,SDP,P,29
Jake Esch,SDP,P,27
Ryan Buchter,SDP,P,30
Kirby Yates,SDP,P,30
Jose Ruiz,SDP,P,22
Phil Maton,SDP,P,24
Jose Valdez,SDP,P,27
Cory Mazzoni,SDP,P,27
Carter Capps,SDP,P,26
Mike Zunino,SEA,C,26
Danny Valencia,SEA,1B,32
Robinson Cano,SEA,2B,34
Jean Segura,SEA,SS,27
Kyle Seager,SEA,3B,29
Ben Gamel,SEA,LF,25
Jarrod Dyson,SEA,CF,32
Mitch Haniger,SEA,RF,26
Nelson Cruz,SEA,DH,36
Guillermo Heredia,SEA,OF,26
Taylor Motter,SEA,SS,27
Yonder Alonso,SEA,1B,30
Carlos Ruiz,SEA,C,38
Leonys Martin,SEA,OF,29
Boog Powell,SEA,UT,24
Mike Freeman,SEA,UT,29
Daniel Vogelbach,SEA,UT,24
Tuffy Gosewisch,SEA,C,33
Jacob Hannemann,SEA,UT,26
Tyler Smith,SEA,UT,25
Gordon Beckham,SEA,IF,30
Danny Espinosa,SEA,IF,30
Mike Marjama,SEA,C,27
Ariel Miranda,SEA,P,28
Sam Gaviglio,SEA,P,27
Andrew Albers,SEA,P,31
Erasmo Ramirez,SEA,P,27
Yovani Gallardo,SEA,P,31
Emilio Pagan,SEA,P,26
Marco Gonzales,SEA,P,25
Christian Bergman,SEA,P,29
Casey Lawrence,SEA,P,29
Jean Machi,SEA,P,35
Edwin Diaz,SEA,P,23
Nick Vincent,SEA,P,30
Andrew Moore,SEA,P,23
Tony Zych,SEA,P,26
Chris Heston,SEA,P,29
James Pazos,SEA,P,26
Dan Altavilla,SEA,P,24
Dillon Overton,SEA,P,25
Felix Hernandez,SEA,P,31
Ryan Weber,SEA,P,26
Steve Cishek,SEA,P,31
Cody Martin,SEA,P,27
David Phelps,SEA,P,30
James Paxton,SEA,P,28
Zac Curtis,SEA,P,24
Robert Whalen,SEA,P,23
Thyago Vieira,SEA,P,23
Tyler Cloyd,SEA,P,30
Hisashi Iwakuma,SEA,P,36
Ryan Garton,SEA,P,27
Evan Marshall,SEA,P,27
Max Povse,SEA,P,23
Shae Simmons,SEA,P,26
Marc Rzepczynski,SEA,P,31
Evan Scribner,SEA,P,31
Casey Fien,SEA,P,33
Chase De Jong,SEA,P,23
Mike Leake,SEA,P,29
Buster Posey,SFG,C,30
Brandon Belt,SFG,1B,29
Joe Panik,SFG,2B,26
Brandon Crawford,SFG,SS,30
Eduardo Nunez,SFG,3B,30
Jarrett Parker,SFG,LF,28
Denard Span,SFG,CF,33
Hunter Pence,SFG,RF,34
Gorkys Hernandez,SFG,OF,29
Nick Hundley,SFG,C,33
Kelby Tomlinson,SFG,IF,27
Pablo Sandoval,SFG,3B,30
Ryder Jones,SFG,1B,23
Christian Arroyo,SFG,3B,22
Austin Slater,SFG,LF,24
Conor Gillaspie,SFG,3B,29
Aaron Hill,SFG,UT,35
Mac Williamson,SFG,UT,26
Justin Ruggiano,SFG,OF,35
Jae-gyun Hwang,SFG,CI,29
Orlando Calixte,SFG,UT,25
Carlos Moncrief,SFG,RF,28
Chris Marrero,SFG,LF,28
Mike Morse,SFG,UT,35
Miguel Gomez,SFG,2B,24
Drew Stubbs,SFG,CF,32
Tim Federowicz,SFG,UT,29
Jeff Samardzija,SFG,P,32
Ty Blach,SFG,P,26
Matt Moore,SFG,P,28
Johnny Cueto,SFG,P,31
Madison Bumgarner,SFG,P,27
Matt Cain,SFG,P,32
Chris Stratton,SFG,P,26
Cory Gearrin,SFG,P,31
Albert Suarez,SFG,P,27
George Kontos,SFG,P,32
Steven Okert,SFG,P,25
Mark Melancon,SFG,P,32
Neil Ramirez,SFG,P,28
Dan Slania,SFG,P,25
Roberto Gomez,SFG,P,27
Kyle Crick,SFG,P,24
Reyes Moronta,SFG,P,24
Sam Dyson,SFG,P,29
Hunter Strickland,SFG,P,28
Josh Osich,SFG,P,28
Bryan Morris,SFG,P,30
Derek Law,SFG,P,26
Yadier Molina,STL,C,34
Matt Carpenter,STL,1B,31
Kolten Wong,STL,2B,26
Paul DeJong,STL,SS,23
Jedd Gyorko,STL,3B,28
Tommy Pham,STL,LF,29
Dexter Fowler,STL,CF,31
Stephen Piscotty,STL,RF,26
Randal Grichuk,STL,OF,25
Jose Martinez,STL,UT,28
Aledmys Diaz,STL,SS,26
Greg Garcia,STL,IF,27
Luke Voit,STL,1B,26
Harrison Bader,STL,CF,23
Eric Fryer,STL,C,31
Carson Kelly,STL,C,22
Magneuris Sierra,STL,OF,21
Jhonny Peralta,STL,3B,35
Matt Adams,STL,UT,28
Alex Mejia,STL,IF,26
Chad Huffman,STL,UT,32
Breyvic Valera,STL,2B,25
Alberto Rosario,STL, ,30
Carlos Martinez,STL,P,25
Lance Lynn,STL,P,30
Michael Wacha,STL,P,25
Mike Leake,STL,P,29
Adam Wainwright,STL,P,35
Luke Weaver,STL,P,23
Jack Flaherty,STL,P,21
John Gant,STL,P,24
Tyler Lyons,STL,P,29
Miguel Socolovich,STL,P,30
Brett Cecil,STL,P,30
Marco Gonzales,STL,P,25
John Brebbia,STL,P,27
Matthew Bowman,STL,P,26
Juan Nicasio,STL,P,30
Trevor Rosenthal,STL,P,27
Josh Lucas,STL,P,26
Sandy Alcantara,STL,P,21
Ryan Sherriff,STL,P,27
Zach Duke,STL,P,34
Seung-hwan Oh,STL,P,34
Mike Mayers,STL,P,25
Kevin Siegrist,STL,P,27
Sam Tuivailala,STL,P,24
Jonathan Broxton,STL,P,33
Wilson Ramos,TBR,C,29
Logan Morrison,TBR,1B,29
Brad Miller,TBR,2B,27
Adeiny Hechavarria,TBR,SS,28
Evan Longoria,TBR,3B,31
Corey Dickerson,TBR,LF,28
Kevin Kiermaier,TBR,CF,27
Steven Souza,TBR,RF,28
Lucas Duda,TBR,DH,31
Tim Beckham,TBR,MI,27
Mallex Smith,TBR,OF,24
Daniel Robertson,TBR,MI,23
Peter Bourjos,TBR,OF,30
Derek Norris,TBR,C,28
Jesus Sucre,TBR,C,29
Colby Rasmus,TBR,LF,30
Trevor Plouffe,TBR,UT,31
Rickie Weeks,TBR,UT,34
Shane Peterson,TBR,UT,29
Taylor Featherston,TBR,IF,27
Cesar Puello,TBR,UT,26
Michael Martinez,TBR,UT,34
Danny Espinosa,TBR,MI,30
Curt Casali,TBR,C,28
Chris Archer,TBR,P,28
Blake Snell,TBR,P,24
Alex Cobb,TBR,P,29
Jake Odorizzi,TBR,P,27
Jumbo Diaz,TBR,P,33
Andrew Kittredge,TBR,P,27
Diego Moreno,TBR,P,29
Chih-Wei Hu,TBR,P,23
Jake Faria,TBR,P,23
Justin Marks,TBR,P,29
Xavier Cedeno,TBR,P,30
Brad Boxberger,TBR,P,29
Steve Cishek,TBR,P,31
Alex Colome,TBR,P,28
Chaz Roe,TBR,P,30
Matt Andriese,TBR,P,27
Ryne Stanek,TBR,P,25
Tommy Hunter,TBR,P,30
Hunter Wood,TBR,P,23
Sergio Romo,TBR,P,34
Adam Kolarek,TBR,P,28
Dan Jennings,TBR,P,30
Austin Pruitt,TBR,P,27
Jose De Leon,TBR,P,24
Jose Alvarado,TBR,P,22
Ryan Garton,TBR,P,27
Chase Whitley,TBR,P,28
Danny Farquhar,TBR,P,30
Erasmo Ramirez,TBR,P,27
Robinson Chirinos,TEX,C,33
Mike Napoli,TEX,1B,35
Rougned Odor,TEX,2B,23
Elvis Andrus,TEX,SS,28
Joey Gallo,TEX,3B,23
Delino DeShields,TEX,LF,24
Carlos Gomez,TEX,CF,31
Nomar Mazara,TEX,RF,22
Shin-Soo Choo,TEX,DH,34
Adrian Beltre,TEX,UT,38
Jonathan Lucroy,TEX,C,31
Ryan Rua,TEX,UT,27
Drew Robinson,TEX,UT,25
Jared Hoying,TEX,CF,28
Jurickson Profar,TEX,UT,24
Brett Nicholas,TEX,C,28
Pete Kozma,TEX,IF,29
Will Middlebrooks,TEX,CI,28
Willie Calhoun,TEX,UT,22
A.J. Jimenez,TEX,UT,27
Philip Gosselin,TEX,UT,28
Andrew Cashner,TEX,P,30
A.J. Griffin,TEX,P,29
Martin Perez,TEX,P,26
Austin Bibens-Dirkx,TEX,P,32
Cole Hamels,TEX,P,33
Nick Martinez,TEX,P,26
Miguel Gonzalez,TEX,P,33
Paolo Espino,TEX,P,30
Preston Claiborne,TEX,P,29
Anthony Bass,TEX,P,29
Tanner Scheppers,TEX,P,30
Jhan Marinez,TEX,P,28
Jeremy Jeffress,TEX,P,29
Alex Claudio,TEX,P,25
Keone Kela,TEX,P,24
Mike Hauschild,TEX,P,27
Matt Bush,TEX,P,31
Dillon Gee,TEX,P,31
Sam Dyson,TEX,P,29
Nick Gardewine,TEX,P,23
Jake Diekman,TEX,P,30
Yu Darvish,TEX,P,30
Ricardo Rodriguez,TEX,P,24
Dario Alvarez,TEX,P,28
Jason Grilli,TEX,P,40
Ernesto Frieri,TEX,P,31
Yohander Mendez,TEX,P,22
Jose Leclerc,TEX,P,23
Tony Barnette,TEX,P,33
Tyson Ross,TEX,P,30
Russell Martin,TOR,C,34
Justin Smoak,TOR,1B,30
Darwin Barney,TOR,2B,31
Ryan Goins,TOR,SS,29
Josh Donaldson,TOR,3B,31
Steve Pearce,TOR,LF,34
Kevin Pillar,TOR,CF,28
Jose Bautista,TOR,RF,36
Kendrys Morales,TOR,DH,34
Ezequiel Carrera,TOR,LF,30
Troy Tulowitzki,TOR,SS,32
Devon Travis,TOR,2B,26
Luke Maile,TOR,C,26
Miguel Montero,TOR,C,33
Teoscar Hernandez,TOR,LF,24
Chris Coghlan,TOR,UT,32
Richard Urena,TOR,SS,21
Rafael Lopez,TOR,C,29
Rob Refsnyder,TOR,UT,26
Norichika Aoki,TOR,OF,35
Dwight Smith,TOR,OF,24
Jarrod Saltalamacchia,TOR,UT,32
Michael Saunders,TOR,UT,30
Mike Ohlman,TOR,C,26
Anthony Alford,TOR,OF,22
Darrell Ceciliani,TOR,UT,27
Ian Parmley,TOR,OF,27
Marcus Stroman,TOR,P,26
Marco Estrada,TOR,P,33
Joe Biagini,TOR,P,27
Mat Latos,TOR,P,29
Casey Lawrence,TOR,P,29
Nick Tepesch,TOR,P,28
J.A. Happ,TOR,P,34
Ryan Tepera,TOR,P,29
Glenn Sparkman,TOR,P,25
Tim Mayza,TOR,P,25
Dominic Leone,TOR,P,25
Leonel Campos,TOR,P,29
Aaron Sanchez,TOR,P,24
T.J. House,TOR,P,27
Jeff Beliveau,TOR,P,30
Mike Bolsinger,TOR,P,29
Christopher Smith,TOR,P,28
Luis Santos,TOR,P,26
Matt Dermody,TOR,P,26
Cesar Valdez,TOR,P,32
Lucas Harrell,TOR,P,32
Aaron Loup,TOR,P,29
Joe Smith,TOR,P,33
J.P. Howell,TOR,P,34
Danny Barnes,TOR,P,27
Jason Grilli,TOR,P,40
Taylor Cole,TOR,P,27
Francisco Liriano,TOR,P,33
Brett Anderson,TOR,P,29
Carlos Ramirez,TOR,P,26
Chris Rowley,TOR,P,26
Roberto Osuna,TOR,P,22
Tom Koehler,TOR,P,31
